objective_id,indicator,segment_value,countries,paired_source_periods,pearson_correlation,ci95_lower,ci95_upper,interpretation
NEW_HIRE_6M,consumer_price_inflation,All new hires,6,24,-0.7602611456713301,-0.972062911291545,0.13396280401602,Country-level descriptive association. Approximate interval assumes independent country averages; small country samples give limited precision and do not support causal inference.
NEW_HIRE_6M,consumer_price_inflation,Individual Contributor,6,24,-0.6237966001855388,-0.9529371298339988,0.38030003710353116,Country-level descriptive association. Approximate interval assumes independent country averages; small country samples give limited precision and do not support causal inference.
NEW_HIRE_6M,consumer_price_inflation,Manager,6,24,0.14907322007496052,-0.7536773923485882,0.856963487768349,Country-level descriptive association. Approximate interval assumes independent country averages; small country samples give limited precision and do not support causal inference.
NEW_HIRE_6M,consumer_price_inflation,Senior Leader,6,23,-0.5377734839971579,-0.9393653089624281,0.4858309142075197,Country-level descriptive association. Approximate interval assumes independent country averages; small country samples give limited precision and do not support causal inference.
NEW_HIRE_6M,job_vacancy_rate,All new hires,3,51,0.21937525207635789,,,Country-level descriptive association. Approximate interval assumes independent country averages; small country samples give limited precision and do not support causal inference.
NEW_HIRE_6M,job_vacancy_rate,Individual Contributor,3,50,0.3422579343509395,,,Country-level descriptive association. Approximate interval assumes independent country averages; small country samples give limited precision and do not support causal inference.
NEW_HIRE_6M,job_vacancy_rate,Manager,3,49,0.7093871734979651,,,Country-level descriptive association. Approximate interval assumes independent country averages; small country samples give limited precision and do not support causal inference.
NEW_HIRE_6M,job_vacancy_rate,Senior Leader,3,48,-0.03845030101689221,,,Country-level descriptive association. Approximate interval assumes independent country averages; small country samples give limited precision and do not support causal inference.
NEW_HIRE_6M,unemployment_rate,All new hires,6,311,0.07830436996674946,-0.7830247189253241,0.8367009450573911,Country-level descriptive association. Approximate interval assumes independent country averages; small country samples give limited precision and do not support causal inference.
NEW_HIRE_6M,unemployment_rate,Individual Contributor,6,291,0.1466198154048496,-0.7547588278922417,0.8562958334615989,Country-level descriptive association. Approximate interval assumes independent country averages; small country samples give limited precision and do not support causal inference.
NEW_HIRE_6M,unemployment_rate,Manager,6,251,-0.7966445235624954,-0.976727683327259,0.04222116877948187,Country-level descriptive association. Approximate interval assumes independent country averages; small country samples give limited precision and do not support causal inference.
NEW_HIRE_6M,unemployment_rate,Senior Leader,6,181,0.4413804359906025,-0.5768057676737237,0.9224997901787021,Country-level descriptive association. Approximate interval assumes independent country averages; small country samples give limited precision and do not support causal inference.
REGRETTED_TURNOVER_12M,consumer_price_inflation,All employees,6,24,0.35426882675509663,-0.6418359796311618,0.9054952162550544,Country-level descriptive association. Approximate interval assumes independent country averages; small country samples give limited precision and do not support causal inference.
REGRETTED_TURNOVER_12M,job_vacancy_rate,All employees,3,57,-0.8774008928815075,,,Country-level descriptive association. Approximate interval assumes independent country averages; small country samples give limited precision and do not support causal inference.
REGRETTED_TURNOVER_12M,unemployment_rate,All employees,6,348,-0.29565475143620235,-0.8929621711987674,0.6787837434159111,Country-level descriptive association. Approximate interval assumes independent country averages; small country samples give limited precision and do not support causal inference.
SENIOR_HIRE_12M,consumer_price_inflation,Eligible senior hires,6,18,-0.44604818470976754,-0.9233611255349441,0.5729144052088615,Country-level descriptive association. Approximate interval assumes independent country averages; small country samples give limited precision and do not support causal inference.
SENIOR_HIRE_12M,consumer_price_inflation,Manager,6,18,0.1103652047987797,-0.7701880786151988,0.8461452716747678,Country-level descriptive association. Approximate interval assumes independent country averages; small country samples give limited precision and do not support causal inference.
SENIOR_HIRE_12M,consumer_price_inflation,Senior Leader,6,18,-0.5257401817233099,-0.9373609242037727,0.49854401801837106,Country-level descriptive association. Approximate interval assumes independent country averages; small country samples give limited precision and do not support causal inference.
SENIOR_HIRE_12M,job_vacancy_rate,Eligible senior hires,3,45,-0.9699404002791818,,,Country-level descriptive association. Approximate interval assumes independent country averages; small country samples give limited precision and do not support causal inference.
SENIOR_HIRE_12M,job_vacancy_rate,Manager,3,43,-0.6698098131838762,,,Country-level descriptive association. Approximate interval assumes independent country averages; small country samples give limited precision and do not support causal inference.
SENIOR_HIRE_12M,job_vacancy_rate,Senior Leader,3,45,-0.293931690064022,,,Country-level descriptive association. Approximate interval assumes independent country averages; small country samples give limited precision and do not support causal inference.
SENIOR_HIRE_12M,unemployment_rate,Eligible senior hires,6,257,0.5551948672561676,-0.46662454002027,0.9422193644621185,Country-level descriptive association. Approximate interval assumes independent country averages; small country samples give limited precision and do not support causal inference.
SENIOR_HIRE_12M,unemployment_rate,Manager,6,225,0.3441926372623139,-0.6485347519859833,0.9034070334102385,Country-level descriptive association. Approximate interval assumes independent country averages; small country samples give limited precision and do not support causal inference.
SENIOR_HIRE_12M,unemployment_rate,Senior Leader,6,162,0.2594406764770893,-0.6993861445995901,0.8847264864096561,Country-level descriptive association. Approximate interval assumes independent country averages; small country samples give limited precision and do not support causal inference.
