objective_id,country_code,segment_value,reporting_period,eligible_population,metric_value,target_value,direction,objective_status
NEW_HIRE_6M,BG,All new hires,2025-06-30,4.0,1.0,0.86,at_least,on_target
NEW_HIRE_6M,BG,Individual Contributor,2025-06-30,2.0,1.0,0.86,at_least,on_target
NEW_HIRE_6M,BG,Manager,2025-05-31,2.0,1.0,0.86,at_least,on_target
NEW_HIRE_6M,BG,Senior Leader,2025-06-30,2.0,1.0,0.86,at_least,on_target
NEW_HIRE_6M,GR,All new hires,2025-06-30,6.0,0.666666666666667,0.86,at_least,outside_target
NEW_HIRE_6M,GR,Individual Contributor,2025-05-31,3.0,1.0,0.86,at_least,on_target
NEW_HIRE_6M,GR,Manager,2025-06-30,5.0,0.6,0.86,at_least,outside_target
NEW_HIRE_6M,GR,Senior Leader,2025-06-30,1.0,1.0,0.86,at_least,on_target
NEW_HIRE_6M,IE,All new hires,2025-06-30,2.0,1.0,0.86,at_least,on_target
NEW_HIRE_6M,IE,Individual Contributor,2025-06-30,1.0,1.0,0.86,at_least,on_target
NEW_HIRE_6M,IE,Manager,2025-06-30,1.0,1.0,0.86,at_least,on_target
NEW_HIRE_6M,IE,Senior Leader,2025-05-31,1.0,1.0,0.86,at_least,on_target
NEW_HIRE_6M,IT,All new hires,2025-07-31,1.0,1.0,0.86,at_least,on_target
NEW_HIRE_6M,IT,Individual Contributor,2025-07-31,1.0,1.0,0.86,at_least,on_target
NEW_HIRE_6M,IT,Manager,2025-05-31,1.0,1.0,0.86,at_least,on_target
NEW_HIRE_6M,IT,Senior Leader,2025-05-31,1.0,1.0,0.86,at_least,on_target
NEW_HIRE_6M,PL,All new hires,2025-06-30,5.0,0.8,0.86,at_least,outside_target
NEW_HIRE_6M,PL,Individual Contributor,2025-05-31,2.0,1.0,0.86,at_least,on_target
NEW_HIRE_6M,PL,Manager,2025-06-30,5.0,0.8,0.86,at_least,outside_target
NEW_HIRE_6M,PL,Senior Leader,2025-02-28,1.0,1.0,0.86,at_least,on_target
NEW_HIRE_6M,RO,All new hires,2025-06-30,5.0,0.8,0.86,at_least,outside_target
NEW_HIRE_6M,RO,Individual Contributor,2025-06-30,3.0,1.0,0.86,at_least,on_target
NEW_HIRE_6M,RO,Manager,2025-06-30,2.0,0.5,0.86,at_least,outside_target
NEW_HIRE_6M,RO,Senior Leader,2025-05-31,1.0,1.0,0.86,at_least,on_target
REGRETTED_TURNOVER_12M,BG,All employees,2025-12-31,271.5,0.0626151012891344,0.075,at_most,on_target
REGRETTED_TURNOVER_12M,GR,All employees,2025-12-31,283.0,0.0282685512367491,0.075,at_most,on_target
REGRETTED_TURNOVER_12M,IE,All employees,2025-12-31,231.0,0.0649350649350649,0.075,at_most,on_target
REGRETTED_TURNOVER_12M,IT,All employees,2025-12-31,275.0,0.0509090909090909,0.075,at_most,on_target
REGRETTED_TURNOVER_12M,PL,All employees,2025-12-31,264.0,0.0340909090909091,0.075,at_most,on_target
REGRETTED_TURNOVER_12M,RO,All employees,2025-12-31,245.5,0.0692464358452139,0.075,at_most,on_target
SENIOR_HIRE_12M,BG,Eligible senior hires,2024-12-31,2.0,1.0,0.9,at_least,on_target
SENIOR_HIRE_12M,BG,Manager,2024-12-31,1.0,1.0,0.9,at_least,on_target
SENIOR_HIRE_12M,BG,Senior Leader,2024-12-31,1.0,1.0,0.9,at_least,on_target
SENIOR_HIRE_12M,GR,Eligible senior hires,2024-12-31,6.0,0.5,0.9,at_least,outside_target
SENIOR_HIRE_12M,GR,Manager,2024-12-31,6.0,0.5,0.9,at_least,outside_target
SENIOR_HIRE_12M,GR,Senior Leader,2024-10-31,1.0,1.0,0.9,at_least,on_target
SENIOR_HIRE_12M,IE,Eligible senior hires,2024-12-31,5.0,0.8,0.9,at_least,outside_target
SENIOR_HIRE_12M,IE,Manager,2024-12-31,3.0,1.0,0.9,at_least,on_target
SENIOR_HIRE_12M,IE,Senior Leader,2024-12-31,2.0,0.5,0.9,at_least,outside_target
SENIOR_HIRE_12M,IT,Eligible senior hires,2024-12-31,1.0,1.0,0.9,at_least,on_target
SENIOR_HIRE_12M,IT,Manager,2024-12-31,1.0,1.0,0.9,at_least,on_target
SENIOR_HIRE_12M,IT,Senior Leader,2024-11-30,1.0,1.0,0.9,at_least,on_target
SENIOR_HIRE_12M,PL,Eligible senior hires,2024-12-31,5.0,0.8,0.9,at_least,outside_target
SENIOR_HIRE_12M,PL,Manager,2024-12-31,2.0,0.5,0.9,at_least,outside_target
SENIOR_HIRE_12M,PL,Senior Leader,2024-12-31,3.0,1.0,0.9,at_least,on_target
SENIOR_HIRE_12M,RO,Eligible senior hires,2024-12-31,1.0,1.0,0.9,at_least,on_target
SENIOR_HIRE_12M,RO,Manager,2024-11-30,2.0,1.0,0.9,at_least,on_target
SENIOR_HIRE_12M,RO,Senior Leader,2024-12-31,1.0,1.0,0.9,at_least,on_target
